<?xml version="1.0" encoding="UTF-8"?><TaskList Version="2.0"><Task ConnectorKind="local" RepositoryUrl="local" TaskId="1" Handle="local-1" Label="Change from onComplete to onCompleted" Priority="P3" Kind="task" IssueURL="" Notes="" Estimated="0" EndDate="" CreationDate="2024-11-02 20:52:37.656 -0400" ModificationDate="" DueDate="" Owner="local" Active="false" ScheduledStartDate="2024-10-27 00:00:00.0 -0400" ScheduledEndDate="2024-11-02 23:59:59.999 -0400" Reminded="false" MarkReadPending="false" NotifiedIncoming="true" offlineSyncState="SYNCHRONIZED"/><Task ConnectorKind="local" RepositoryUrl="local" TaskId="2" Handle="local-2" Label="Add all type of Func and FuncUnit for Named and Annotated." Priority="P3" Kind="task" IssueURL="" Notes="" Estimated="0" EndDate="" CreationDate="2024-11-15 09:41:12.631 -0500" ModificationDate="" DueDate="" Owner="local" Active="false" ScheduledStartDate="2024-11-10 00:00:00.0 -0500" ScheduledEndDate="2024-11-16 23:59:59.999 -0500" Reminded="false" MarkReadPending="false" NotifiedIncoming="true" offlineSyncState="SYNCHRONIZED"/><Task ConnectorKind="local" RepositoryUrl="local" TaskId="3" Handle="local-3" Label="Make Ref and Substitution print better." Priority="P3" Kind="task" IssueURL="" Notes="" Estimated="0" EndDate="" CreationDate="2024-11-15 14:58:48.375 -0500" ModificationDate="" DueDate="" Owner="local" Active="false" ScheduledStartDate="2024-11-10 00:00:00.0 -0500" ScheduledEndDate="2024-11-16 23:59:59.999 -0500" Reminded="false" MarkReadPending="false" NotifiedIncoming="true" offlineSyncState="SYNCHRONIZED"/><Task ConnectorKind="local" RepositoryUrl="local" TaskId="4" Handle="local-4" Label="See if Ref can be made Func0 or Supplier." Priority="P3" Kind="task" IssueURL="" Notes="" Estimated="0" EndDate="" CreationDate="2024-11-20 22:42:58.372 -0500" ModificationDate="" DueDate="" Owner="local" Active="false" ScheduledStartDate="2024-11-17 00:00:00.0 -0500" ScheduledEndDate="2024-11-23 23:59:59.999 -0500" Reminded="false" MarkReadPending="false" NotifiedIncoming="true" offlineSyncState="SYNCHRONIZED"/><Task ConnectorKind="local" RepositoryUrl="local" TaskId="5" Handle="local-5" Label="Make StreamPlus spawn support the specification how many concurrent actions at the same time." Priority="P3" Kind="task" IssueURL="" Notes="" Estimated="0" EndDate="" CreationDate="2024-11-21 00:22:20.777 -0500" ModificationDate="" DueDate="" Owner="local" Active="true" ScheduledStartDate="2024-11-17 00:00:00.0 -0500" ScheduledEndDate="2024-11-23 23:59:59.999 -0500" Reminded="false" MarkReadPending="false" NotifiedIncoming="true" offlineSyncState="SYNCHRONIZED"/><Task ConnectorKind="local" RepositoryUrl="local" TaskId="6" Handle="local-6" Label="Create a test class specifically highlight structured concurrency" Priority="P3" Kind="task" IssueURL="" Notes="- Combine (join)&#10;- Race&#10;- Spawn&#10;- Timeout&#10;- Retry&#10;- Clean up&#10;- Group cancellation" Estimated="0" EndDate="" CreationDate="2024-11-21 00:23:04.353 -0500" ModificationDate="" DueDate="" Owner="local" Active="false" ScheduledStartDate="2024-11-17 00:00:00.0 -0500" ScheduledEndDate="2024-11-23 23:59:59.999 -0500" Reminded="false" MarkReadPending="false" NotifiedIncoming="true" offlineSyncState="SYNCHRONIZED"/><Task ConnectorKind="local" RepositoryUrl="local" TaskId="7" Handle="local-7" Label="Coroutine!" Priority="P3" Kind="task" IssueURL="" Notes="" Estimated="0" EndDate="" CreationDate="2024-11-21 00:24:51.737 -0500" ModificationDate="" DueDate="" Owner="local" Active="false" ScheduledStartDate="2024-11-17 00:00:00.0 -0500" ScheduledEndDate="2024-11-23 23:59:59.999 -0500" Reminded="false" MarkReadPending="false" NotifiedIncoming="true" offlineSyncState="SYNCHRONIZED"/><Task ConnectorKind="local" RepositoryUrl="local" TaskId="8" Handle="local-8" Label="Ensure that action/promise can have timeout." Priority="P3" Kind="task" IssueURL="" Notes="" Estimated="0" EndDate="" CreationDate="2024-11-21 00:43:52.951 -0500" ModificationDate="" DueDate="" Owner="local" Active="false" ScheduledStartDate="2024-11-17 00:00:00.0 -0500" ScheduledEndDate="2024-11-23 23:59:59.999 -0500" Reminded="false" MarkReadPending="false" NotifiedIncoming="true" offlineSyncState="SYNCHRONIZED"/></TaskList>